{"cameraMode":{"drawMode":0,"name":"Shaded","section":"Shading Mode"},"sceneLighting":false,"audioPlay":false,"sceneViewState":{"showFog":true,"showMaterialUpdate":false,"showSkybox":true,"showFlares":true,"showImageEffects":true,"showParticleSystems":true},"in2DMode":false,"pivot":{"x":-0.5562477111816406,"y":-7.37650203704834,"z":-5.1194329261779789},"rotation":{"x":-0.05975199118256569,"y":0.8826059103012085,"z":-0.45146530866622927,"w":-0.11694356799125672},"size":13.598115921020508,"orthographic":false}