{"cameraMode":{"drawMode":0,"name":"Shaded","section":"Shading Mode"},"sceneLighting":false,"audioPlay":false,"sceneViewState":{"showFog":true,"showMaterialUpdate":false,"showSkybox":true,"showFlares":true,"showImageEffects":true,"showParticleSystems":true},"in2DMode":false,"pivot":{"x":-5.538737773895264,"y":-0.6335263252258301,"z":-3.1048519611358644},"rotation":{"x":-0.11957506835460663,"y":0.8336895704269409,"z":-0.1990177184343338,"w":-0.5011113882064819},"size":16.73813247680664,"orthographic":false}